Method,Job,AnalyzeLaunchVariance,EvaluateOverhead,MaxAbsoluteError,MaxRelativeError,MinInvokeCount,MinIterationTime,OutlierMode,Affinity,EnvironmentVariables,Jit,LargeAddressAware,Platform,PowerPlanMode,Runtime,AllowVeryLargeObjects,Concurrent,CpuGroups,Force,HeapAffinitizeMask,HeapCount,NoAffinitize,RetainVm,Server,Arguments,BuildConfiguration,Clock,EngineFactory,NuGetReferences,Toolchain,IsMutator,InvocationCount,IterationCount,IterationTime,LaunchCount,MaxIterationCount,MaxWarmupIterationCount,MemoryRandomization,MinIterationCount,MinWarmupIterationCount,RunStrategy,UnrollFactor,WarmupCount,ProducerCount,ItemsPerProducer,Mean,Error,StdDev,Median,Gen0,Gen1,Gen2,Allocated
UnsafeConcurrentQueue,Job-CNUJVU,False,Default,Default,Default,Default,Default,Default,111111111111,Empty,RyuJit,Default,X64,8c5e7fda-e8bf-4a96-9a85-a6e23a8c635c,.NET 10.0,False,True,False,True,Default,Default,False,False,False,Default,Default,Default,Default,Default,Default,Default,1,Default,Default,Default,Default,Default,Default,Default,Default,Default,1,Default,1,1000000,67.85 ms,3.484 ms,10.162 ms,65.13 ms,0.0000,0.0000,0.0000,664 B
UnsafeRingBuffer_MPSC,Job-CNUJVU,False,Default,Default,Default,Default,Default,Default,111111111111,Empty,RyuJit,Default,X64,8c5e7fda-e8bf-4a96-9a85-a6e23a8c635c,.NET 10.0,False,True,False,True,Default,Default,False,False,False,Default,Default,Default,Default,Default,Default,Default,1,Default,Default,Default,Default,Default,Default,Default,Default,Default,1,Default,1,1000000,90.50 ms,1.792 ms,4.118 ms,91.11 ms,0.0000,0.0000,0.0000,232 B
SystemThreadingChannel_MPSC,Job-CNUJVU,False,Default,Default,Default,Default,Default,Default,111111111111,Empty,RyuJit,Default,X64,8c5e7fda-e8bf-4a96-9a85-a6e23a8c635c,.NET 10.0,False,True,False,True,Default,Default,False,False,False,Default,Default,Default,Default,Default,Default,Default,1,Default,Default,Default,Default,Default,Default,Default,Default,Default,1,Default,1,1000000,62.14 ms,1.690 ms,4.957 ms,61.53 ms,0.0000,0.0000,0.0000,262736 B
UnsafeConcurrentQueue,Job-CNUJVU,False,Default,Default,Default,Default,Default,Default,111111111111,Empty,RyuJit,Default,X64,8c5e7fda-e8bf-4a96-9a85-a6e23a8c635c,.NET 10.0,False,True,False,True,Default,Default,False,False,False,Default,Default,Default,Default,Default,Default,Default,1,Default,Default,Default,Default,Default,Default,Default,Default,Default,1,Default,4,1000000,696.92 ms,15.321 ms,44.692 ms,699.10 ms,0.0000,0.0000,0.0000,1744 B
UnsafeRingBuffer_MPSC,Job-CNUJVU,False,Default,Default,Default,Default,Default,Default,111111111111,Empty,RyuJit,Default,X64,8c5e7fda-e8bf-4a96-9a85-a6e23a8c635c,.NET 10.0,False,True,False,True,Default,Default,False,False,False,Default,Default,Default,Default,Default,Default,Default,1,Default,Default,Default,Default,Default,Default,Default,Default,Default,1,Default,4,1000000,506.45 ms,11.979 ms,35.321 ms,506.93 ms,0.0000,0.0000,0.0000,856 B
SystemThreadingChannel_MPSC,Job-CNUJVU,False,Default,Default,Default,Default,Default,Default,111111111111,Empty,RyuJit,Default,X64,8c5e7fda-e8bf-4a96-9a85-a6e23a8c635c,.NET 10.0,False,True,False,True,Default,Default,False,False,False,Default,Default,Default,Default,Default,Default,Default,1,Default,Default,Default,Default,Default,Default,Default,Default,Default,1,Default,4,1000000,532.67 ms,22.905 ms,67.537 ms,522.84 ms,2000.0000,2000.0000,2000.0000,33556272 B
UnsafeConcurrentQueue,Job-CNUJVU,False,Default,Default,Default,Default,Default,Default,111111111111,Empty,RyuJit,Default,X64,8c5e7fda-e8bf-4a96-9a85-a6e23a8c635c,.NET 10.0,False,True,False,True,Default,Default,False,False,False,Default,Default,Default,Default,Default,Default,Default,1,Default,Default,Default,Default,Default,Default,Default,Default,Default,1,Default,8,1000000,"1,463.73 ms",29.112 ms,68.620 ms,"1,475.93 ms",0.0000,0.0000,0.0000,3184 B
UnsafeRingBuffer_MPSC,Job-CNUJVU,False,Default,Default,Default,Default,Default,Default,111111111111,Empty,RyuJit,Default,X64,8c5e7fda-e8bf-4a96-9a85-a6e23a8c635c,.NET 10.0,False,True,False,True,Default,Default,False,False,False,Default,Default,Default,Default,Default,Default,Default,1,Default,Default,Default,Default,Default,Default,Default,Default,Default,1,Default,8,1000000,"1,164.47 ms",55.313 ms,163.092 ms,"1,143.57 ms",0.0000,0.0000,0.0000,1688 B
SystemThreadingChannel_MPSC,Job-CNUJVU,False,Default,Default,Default,Default,Default,Default,111111111111,Empty,RyuJit,Default,X64,8c5e7fda-e8bf-4a96-9a85-a6e23a8c635c,.NET 10.0,False,True,False,True,Default,Default,False,False,False,Default,Default,Default,Default,Default,Default,Default,1,Default,Default,Default,Default,Default,Default,Default,Default,Default,1,Default,8,1000000,"1,128.99 ms",40.584 ms,119.662 ms,"1,113.66 ms",2000.0000,2000.0000,2000.0000,67111304 B
